{"13283341607":{"salt":"6scXrHU4DpxrPqJ6XqUJIynt0D0RGVeN","guid":"0caa1aa18efe009b2608b9c86924abfccf18de669c16e0e76c98cbc1f9509c41","wx_token":"v3xPQZvXCVvsOpThhxHNLhEELsfwR3Um"},"18565574735":{"salt":"N6ZsPMzFUelY3uAdMpH4JkavDxtckDz8","guid":"e967ac58ca6e45e842428593b294dde74d1ecfc35077d51367f95cc301a3e74b","wx_token":"O1VBEJN6Q7FF3P9C9hPuikD5LinXyMan"},"18696695676":{"salt":"vXEPg9NsHfmQ8Ah0M2LvMpDbYREEnLHT","guid":"9807a87eb90246d1e634f3412d7fd232b160266be3e46043891bd3cfec5d2c27","wx_token":"nZQBkivXcyrU8TeqSbLKIKD8pzesFv72"},"15216651175":{"salt":"D1B3BNcRWueGEwOPTtmdxOZAdJZjBvyf","guid":"5437a1556c16aa9f88a03d70ad76738f290c4716652c361aab1be314d5edc78c","wx_token":"9KvmqAc8f8imKah7anExj4rL3oKo6Svf"},"15952599108":{"salt":"5zxyS8pEIsZN57R8atkbH9MhCiQ8gelm","guid":"8077f03599d0f7d7fec1138c39893c15fce51e54bfd043265e2e17be4adf4b92","wx_token":"I7bktiAQLA3l4C8432Cb0dPBztvyvYod"},"15255205032":{"salt":"yGHQb9fz9MrhEDxHk4azWPIspaWf8aFG","guid":"03c3a84b313a947fcd3762dcb8cf579128c10b932262a7547a01e226f15c31f7","wx_token":"zzsiiusooZxR8Sbf2HxseRE9vAruQYep"},"13242341867":{"salt":"d8cYty0eqzNM7gTgegLpFQlzSAO53fZh","guid":"865bfe857370ff015db81e587116e79b9b1abf97bd6ccbe394d45e2976cb3d2c","wx_token":"GKHjKll1KRyzmys79Xmuap5VT1fedtrT"},"18735429680":{"salt":"gp1hGMxrXO73eKSfXAB74KeHX0K7yBiP","guid":"0360c83de411db4b71ff187aea86abf316c0a191c9f51d5279ddfc4d9584ce3c","wx_token":"1JxP0hLgKagG5qCP0dHm9u86DcM29xRb"},"18853894382":{"salt":"HivQ1niM8kw61u5lg7IaD1k2IXiKAq8h","guid":"7a4e91c5df71ffee07b868b9db9d007f65ee2e6e3678d93d8fb637d3a7b11e53","wx_token":"k4a79ISrKL2KXGXZkM2mTwjapGCg2D7n"},"17771640625":{"salt":"H90eKMeHMIsGZ99g6Ld9mh0pbCitCMek","guid":"33fc7e4ba1f482292ca466407008bfb89203487913d3e440c565e8e9be6f669e","wx_token":"tHFfxALZXZuKUgHsgWCX3A4Q2UCTh0uL"},"15073020081":{"salt":"1Z0tV3MlBpOhtmgoXwOkrIsumgIcaAvb","guid":"9fd9b0a5f8790433b08778ed732e76a19b9cb721804c0f799112324c993b94af","wx_token":"t77GsW3jpxCtG4yYVAfpnVT72EOePURj"},"18664040124":{"salt":"HO0xfXvw4fNxcIzBh9W97KxuCbAh8DmQ","guid":"50676773b8ef42873a1ad19252b3e4b00a757a091825ed7ac1b4bbef466d341d","wx_token":"pKLWQrXXg6KgsXV2oyAkRXNonSE5FW24"},"15632192825":{"salt":"6pB2zzqd82SXTDVgautcNWIzoGNAbMfh","guid":"f6eca6d608861b7ebaaf4d025fbcb224c3dfb500062f70618082b5fd5109a5ed","wx_token":"tBqWW9YnEyCEORLYnwyc1jtwLsXebuYF"},"13231408543":{"salt":"vyAoqfId3AOApnajNsXTNU05u4sVnsyT","guid":"831bf029692cbea58b9a35827192e93b8a932ef69f7613d86e9f3d8d9f73b56d","wx_token":"bcxXSSEjMORBxPyzUphD6lX7hA3nri0D"},"17850072734":{"salt":"5EJBji8s9WgABhul7BYfGH3gruNifKUk","guid":"f27cab4887c181521775661f0799cfad144c6d3dc27ef47121e9cd248c703240","wx_token":"KlH7wFyw9QONqF1UKQ6C75JOAJrwRKWB"},"17666078849":{"salt":"VOzyih6AFD3ea99N7QKhIeBNidngnc8j","guid":"e9abb28b60f6510c044c5a09bcb59e58b9defb7fb113e8daa87a188a82404b46","wx_token":"TMYHCtIyiowtyx5UCXGWaSuk44BzX9PR"},"13636918586":{"salt":"2TLTtxA1Csk87RNpDOj8VLuIDLwv07q3","guid":"d7c859525ee8cd6aa66648b1e4c41dd5e55f5f6436ebebcd5983484a9c12717d","wx_token":"2NiQRAMGx5SiwFxFiL0Tv6slNRhOSfAV"},"13066962291":{"salt":"70HlRs5a5RiRRoyA8MtRdbpyNSbWYs55","guid":"b3292f42078af476c195634cd39bf197659824ac82e170d6abd0d2d82060161b","wx_token":"02JyeQLJjDM7LZ6GIKeSIqIylBsC85g8"},"13839305686":{"salt":"m9iSLhIWJnaJkrgw1tekTjUrbDKydRxA","guid":"0126096aa47d63325581a0de6e5fa96c943766bf8966940ea77d0996d153886e","wx_token":"BM2kwBYPbsFdZWhxcAcHiq5AyRIinA6Y"},"18797909522":{"salt":"lx9jaFnbzLACwvsqx79GJeGYmbJX8lGt","guid":"9de2e49f3cfc03a392ffa7f2cd28ca8e58d5ead337316937c2325cb790ca0272","wx_token":"8oUqXDw41Tno3LVPT2EJ8C40f8uKAWCI"},"15674897365":{"salt":"ZTs9xQPtEjmKS5pz3283SjWMU1WFXiwW","guid":"a29dca2d9da90119b92191dd94493e470795d3519dd55006d9e2ec0ee82c212a","wx_token":"73xA9DoFWOuT6yJFGXCz0QaSUB59KVlR"},"15610035730":{"salt":"54HzNuiflwy4gwHMd5yiU4wJWlJOI3hO","guid":"fff370715e676562105247b4c91998ed3ed1953fa3cf3f9afc88d369d599f168","wx_token":"AIJdtJNJsReiIKYDvGnL5OwdPRPZSnkt"},"18869990038":{"salt":"7yRXLA4etPKtR3Lhek0faVvBGB1f2jua","guid":"7151cc5393aa0210e4a330c1fea63a2bdf39ce0d0ae1e3f204621f92dc1ea46d","wx_token":"FGgCQdJ7sSKw01jiqayI1QVfrL6pzrie"},"15395675096":{"salt":"zFhGRUIy7UiO1nyyM4gH794lYg62Iaxh","guid":"e9a4b57c6ac9c33a748959339bac16ed7ddb5d6b3ccc6f505b84ef16153d0ecd","wx_token":"s7BM6bC2HcbJG74KwpwIU3TndPbL3r3v"},"15557879997":{"salt":"vMK00QC1wiqWR2AxMxvW5HCKVHmBGVib","guid":"d1fb7f5bbbdd76ad0dc7d0440582a3de1c9161f555e398306a2f5f3a9c6fd2d4","wx_token":"0wd3ve6B1GFopzBDFKXYaxbFEd5BGYyG"},"15543943337":{"salt":"uJZUyDlDfOm6hIsvNVZ2oBAzOAs8etWI","guid":"f8fa7e86b103480148be4c30433786a22e13e83ab7192bc96a5b881ec5b50062","wx_token":"uQIbpPDr4BtJRslle5ttftCybcZSkE0O"},"18943689422":{"salt":"ylHWUqgEGevX0WXrsMPF4UcyMSGYzBU8","guid":"e488a697cee279f99fa1aba41809b3731b337cf731422f33c960ec443a51be0f","wx_token":"KRqLnzIkJgXQhLrZrvOodi4xuSG8bGUW"},"18355691650":{"salt":"to0R95qja2dMadogmMZoaesCQsqxMFQf","guid":"ec1205beb8f12ea37d3cf42b973e6489f94c502749c60df4beba0b6fc4adc468","wx_token":"Ca8HoL4y94CUC80B59nI1ne4sC0NGjfj"},"15773631938":{"salt":"Vlck84RStFNpMAklG7FXJ4UxHWcwkk0f","guid":"35e7f41601a96ad91844a520bfeacaaf91734cee479c21b839b8b89308ad88ee","wx_token":"FydIoNRxJpNVV7NVy5MjgCpXOD1EOn7t"},"15151980223":{"salt":"h6aHbgpgo9GhBIPWOeVa3NSRzZAgJYA0","guid":"9d2ff866e0cffb3fc842e546872564593468f1efd4f942d95bb84b9bf0362a82","wx_token":"CxIRq55H48KpSr1yl6oZlPRINM7JHJoj"}}