{"15594982712":{"eid_token":"jdd01w4ALMXNXPVMKAILWWUOXPI2MYNHKN2FBQE7BSLDXDFMA2KMNMDGI42I4G3GZMX5KEJHXKHLGSKTSYKPLHSQIU6AMBRZDN7WO6L3FCE25XXSO3EHANDHHKPFZ3Q4H2O2PKYV"},"18739906910":{"eid_token":"jdd01w4AGE2I5EJDHS6SC5B2FEOQAVS7LEIXLBMPLGBEW7SKYC4FV3Q26MXTTZJE5OMHQMNLE2UKW7SDZATII7FYQCNXCGL56OUITKOGATXI6YFO7WB3RVKH2UUO4EXVJ6GN7RLA"},"13581421516":{"eid_token":"jdd01w4AIARV227D5QTO232XOJAIEI4YZ4IRAG73E2NRWXE23AAGSUK77442H5FGHIDKZ2KD2ZQKX3VEQRLMXEVUVFGORCM6MQ232SS5N7TKFP4XBXOYVJP3S7RWHWFKMDPX53NW"},"15239734122":{"eid_token":"jdd01w4ABBCUYIE7EMXHWF2PSFQIJV23I4YZEWJZKZXCXLVHSK5T5PPYZMIW5EQSN6DXLFXWMLLATOAWW7UCL3MSF4R6LP7TYKOL7YZO5HH2O4RVRJV77FTA2EEMT2PFTW7RBYBE"},"15762560878":{"eid_token":"jdd01w4AUBUHRS4RZCPIJ7F4MBCFADYSFA7IPAROERHXDHMLYZHW5NBTUPHQGG4RK6FZ5LCZLOVZLUPBF37LEKL327BJUL3Y2COWKKSPLOI2TA6BHKVWTVEJHXJXH4X557BJL3K6"},"15766284171":{"eid_token":"jdd01w4ANBZNMQMMII2TEMXSG3YDNULW4S26NXZFQ4RALTQ4QLPL7NVEX5VYNQE3UUVIT5R2KHGGLPRG5LPZ3X4BS65I7CC3GSGJC5FTDSKKVC7T7GGPQBPOPKXNKPMHSE76SYVS"},"18943453361":{"eid_token":"jdd01w4AEWGXSSCVIWBIYMGNJFYP6XZSQPJ4TFD6WT4WEMOATLS253G4FOHLWEDEGX2P6NW353NSWD76UGYXY3LNZILSSGI2R6XFVF7RZXFPYEQCHHJXHOPTLVUXYUL3GKKQRLN6"},"18506347977":{"eid_token":"jdd01w4AR77CHKDABAOQMFSCYTFOG6JMKDIAPNPEP7BPKPYSNS4W42IG3M6CHUTBRHJWXUPH2H6ZSNPG5STDS3N33S4RKCAZNKBMF6TIAK7FVOIGVUVSEFW4AC42JIM7HJNYJRQ4"},"17625191304":{"eid_token":"jdd01w4AD27NH2QQCLS67WCPQQ2LTPPZYADXCY5KEXM7IDLP5RGM6KH2VU6S5RSDDRN6Q3CB5K4DLOPM5E5VPKKWFAAYRVDJ7AEFCHPHQIR5JBVPT6RXW3LIIVPTVO3ST3Q54NCZ"},"13711273770":{"eid_token":"jdd01w4A26B3RPCGPWXYRNXF3SVWHYG2F4HQFPQO6QYHW3EHEYQ5YAJSAX2XLQMYAGCMRXWAFDBD5FUT5NJKZM6NC4MBDI4TAEUSA52RGHW65FWLTYG3WFTXACIXHJENRK2L4H4N"},"15036524379":{"eid_token":"jdd01w4ACBXUDRQVUS6U5N6T4YWL5LYA2JUETO5FLZHMRNQY25YQDYX6V4QMN4ZIMJF3CN3ZF3SUBCTJBIMDBGLRWTGA3IPDIG5CI6CYAWNMMQDLWXAKPDFYGXX7GP6YJYI6F4YE"},"15166292762":{"eid_token":"jdd01w4A64JBMUJACTMTY3NTHBRQ2XCN5FAFASMK4QDTEGGTERNODJGPRZCZWWMYOSYQJ53K4PQH6O5VQ2SIZOUK7E57HSY4HELHOKM5EEDJG7SCRDYIN2VKG4LCSTKFDADYQNF5"},"17756055254":{"eid_token":"jdd01w4AWQVRU2GBIE3E7K6QVWHVOIX7TP66FV2ZRWQFYSOF46BXNFM4ZU6Q3KIXWQO63XBL7BKTS6J7UCJLQRRHNYBIVX6CCJPQFLG4SOWNU2Q2UEHND6VYCDJV4YYZBKYLGVDQ"},"15253157658":{"eid_token":"jdd01w4A6SHSKXUC3B2GYCXFPVTWNTVYETBBGZKONC3MTGT6YCUCHCRV5O3S6DIX7CH4HD3CXESROJAOA27RGLLOJCN5BZSJG6ORCQPE53JCVDQIWHCB27YKWBJVNE2CGCYELGG5"},"17602362653":{"eid_token":"jdd01w4ARZL5EKWWD33YVDO3VQCFPACDFZHLPOQQZPIPZVCS3XHUOTK2QEVXPBX3O5ZJGGATZNTKZRVJRHBTLL3C3YL23AGRTQIEAYFCJSWHUL66Y3TXCJL4FYVSNIZ3OGKSRG2K"},"19572947396":{"eid_token":"jdd01w4ACVGXYIVLPA4TDE7344WXXQPY5TA3YCRKHWQLAJ3F46ED253YGMC6FLX3U4SSUBVQLPEXEUAXA62FRYFVGP26IO7UTDKJTFWKXXTVT7STYTRI4UKEFABCKJAZU6FK73FY"},"13361017232":{"eid_token":"jdd01w4AUVAUT3E7HUANRCKNNBHMM5G3JDBRCNKGEJIH55JW34ZNQ5XPICOLZ3U77627JSSWQZUECBOXDII5H6DAGBGL3KTKC6BXQRTAJQCMKMMAFKSLJST3TG4CJ6W3BZQZECVC"},"15605444343":{"eid_token":"jdd01w4ASYQDP5I7ZCLKWB6VSJHIKGLXBGSQXPLFY4JMJR72SXBAQRKGUXGM4LSX5ETX3G3RIYKYB3Y6PBML4CEHUDQLDTBEWE5RARU5I4CDI5RL4FDIXR7SYX775ODY7ER6NCT7"},"18903970311":{"eid_token":"jdd01w4AIQ5CMZAAUQP6GN6S5DOAUNTXAAC3733JQOTK66SQMIID5NIWN2ZVEKHIGRLJBPZDHFP3QQ674VLVXDZE5DKBMMZHINZ2GI6DLCDPKFR3XYHSVELUQ55G67A4QSYKP2UR"},"17331032001":{"eid_token":"jdd01w4AC6T2XQJPWCSLUHY2HR2A2Z5ROWO3KVPIGFQ5DB2MJIOQEKNW536Y2FFQ5T7RTF5MLVLYB3SASYEUFQPLO5DVXDMFYPHRXKVCHLJDREBFUTXXVBHZBWEYIQ7C4VZXSOEO"},"17725009224":{"eid_token":"jdd01w4AVHFLG4275TKPCEWOWRH2NOUVAKWBHD337WE5XX7J4WOLOLH2EJETDO6PFDY73TBJBDCDLFLQH6XSEA7O7RQYOWIJE6ALVHEHZ4T6HJ3622VGL6Q3QDJBYXQEHOGFQQV5"},"13373061134":{"eid_token":"jdd01w4AKSCZLQJ3VDUPMFZYGB3CVCTNWZDRKUSDB2S4WW6I5IMFHE2MTMRONUDXTQUCD3CZEXRFROMOKPC436FQ5IWCBDKBSLBFXALYJ3Y6KGZ3HKXDDX3IVH5523CZFVZFFWTV"},"15608008502":{"eid_token":"jdd01w4AOXRDVWAJIIY2VFNRW6QHFGCAXYKJY2352C35OUCHQA4HC3O4VRCQQBJTAMMF7KLQ7ZWGWPNGVAEVMDO3FT335ZKG63RFFF2PF6V5ASHEV32IEZOYLNVHFVMJE5EWLC5Y"},"13009626465":{"eid_token":"jdd01w4AP5LQNJV7RZMG52T2GVPQKP7VBWOVLMR55YVNFCKJHVBUAKFQPKRB753LYDMKIQRQZUFO4REGQJ6SRVT5EWSTZANF3M5YVVPHHH7XKYL5S7JP23ML6MCABGUGS3EXOZMI"},"15959269362":{"eid_token":"jdd01w4A2PQZ6YMGQDTIHOXMGS3WBXZJ56OG2QEZYGMGPVQHUMNZBCK3EW3H7I6O5SU6FI7EVQEEJ7Y4YI3GXRO6D4MOGGLALSKOQLZQKGA4ETLRBPKRINWDZH2OFVH5HFN4J7TX"},"18802045387":{"eid_token":"jdd01w4AFPWTEOOJBOR2RFEN3NBYQOVEOXRLLRYABMA7LVO4JMBYRTU6X3UPTAH7F2XNC2WA7BZKJUITQEGUN7XGTCBCQU7LUC64TMTZXFQNIKSLEOTCHORUGTMWR5RKBA5BKS2G"},"19831021977":{"eid_token":"jdd01w4A6OZWS66SQSGTZTH55WDUPHRPTHDZ7MNMHC6CVT7JTYXY7A3QMXVNNDQTBGFGKGMOGFOFJ434Q4CI7IG4VVCUKST3UZBFXPKQRULBMQT57RBDE5DEYMPEN67RLOU6MVAZ"},"13828353899":{"eid_token":"jdd01w4AHYMZKUE4DHWTNDOTDPITKG3JK5CSP7KF6KL6K6RGS567VBTQQCQ3O6HODCBMJ5FRRPQHLWUITRFIHSFLTWPGO5FXOICCNFSLILIVQOCCG5VHCUZIOJZSQMX4WVF7MXPJ"},"15826323376":{"eid_token":"jdd01w4ATYNWCW7BPMF2GMMVN6THUX4HZFGKH2PGU7TZE454WY3SVQEJJHYXOM7GSIDUSDM4JJYZK47JW3P533SBMSFL6U3GFCFBCUIZ6ITYSV2IQI4EBOB72K5SPUH3JCCWXC2D"},"17741077970":{"eid_token":"jdd01w4AKH6TCK4IW3PQDNJSTVRTZLDQXUJTQYEUTTF6YUVBXOJEITGI2QIGOSOPKCJHJ4UI5EJWIFZXT6MGBNF2HDRJ6OXHJDHBLTAEVS7HTOLDRQMVYYR5DA57GL3ZOQRA66WM"},"17607067578":{"eid_token":"jdd01w4ASW5XHWNBFASFYP3KQBASYTUC3O7JRZ74ZRDHTUUZZ3STFLYE7M237G25XLAQ4674KRJKSXUDXLCH64A7KJWKE3FQ2U6MTYUAYFGQYUJVBA23ZDVB3QWBH6YOR3QHKDT7"},"15570006545":{"eid_token":"jdd01w4AVJUB35FU2DKIPBRQAJQAZXXJMGBFAADMZPJ34J7M4YPRFUBABSA4WY7TRVY5QFAWP7AQ23JGJ47DU7NFHAAEIUNUCTHNBVZQQXBOHHIA74PEI3MDYGZYQ7GWOXFWWQFT"},"17262659456":{"eid_token":"jdd01w4ABSVIYX7UKEMGNODFRGQGXDJHS345WU72VOZHJUQZHH3XV5KH3KXUFUSVUFYUHOSLZQBGMB4OTF42VBVOZPKY4ATBNW2TNVN6TMYHGXZAEYJZBBNOQUWLHAFTF46OTJ3F"},"13364064254":{"eid_token":"jdd01w4AH2W43ZN77XCJKQ6MPOKPPMNVLR2QSK3NKRALBBBVOYPKE3YR3FVNNCWOXSDPUXSBN2YYXUT2UMSEKSQ6MXVO6C3A2ACXTQ3YKH5AHO7LL66ITVOSWUV3KB7KY5XQURRC"},"18981395875":{"eid_token":"jdd01w4A4HQUQ4BQWJSYE5ZV7FU3IZ6UB4MATI5XBL5BE5EF475FSYTJ6VRIHIFROUY3OFEOLUYEDT6Q5Y5SLNDH4VE75FBYHQN4ZGDIX5KAVQNR7UGOBVMSTXTX7CQ2VEBZGZHX"},"13539748496":{"eid_token":"jdd01w4A5SYQIWJ5WRNQ3P5WXVIG5WZUYWBQXKHRNPNCRI5MLVQ56PB65OWM6J6NQXKWJF5NY75B37HW4O46MSQGMENXAP6SQKOUOO6YFPKDOMNCGXNRA3OKAXAK3C4JT4WKTGVY"},"13970693014":{"eid_token":"jdd01w4ALV7LL2IX22RK27LM56ZIWIRSM7RHVD3YAH6SOEMAGXESMUURQ7VHIHCRV6NMT7JN64O35O6G6FZUFB3LIQLKFCU4AIUW2JBPLHA76ZW43O57GQDI6E2S4YBXVQG33DBZ"},"13970696014":{"eid_token":"jdd01w4AFMLWIVMPDRC4I7KVAHIZAMUDJOOMLLFW5KKEDYAOVNOWWUS5IXZQPVKCUDHJW43WFXKEDHNYGOPB2FQHWCYNWFUTTFH7SGHSMODJPUSI7WOFYTVPPTYE5VHB7RVLV3WY"},"18754458759":{"eid_token":"jdd01w4AEPNXV6TQE7N2FH2IDBCEJ5JHSHEMKTDNWKNFHZ3XKOPAXX66ATQK7P6IVT6DQHGR65OXG2NRXQ45BH765LQFK25QVTOEHENYYW7HODVO7B337DVREDEUANGOVIO6XDTB"},"13110533520":{"eid_token":"jdd01w4APESPCTG2XUSTO7CS2ZXNXQCUY6LFQXC2EEJHY6JAAE5DAA7DZ3TKXSVDBOQDURXQ4K6L62ZNY4YPLHIKZLTDRWMXOJNE7P4T467POS43HB6Q2Z7QPBJIDUZCVIGPAOGN"},"13077345832":{"eid_token":"jdd01w4AN2OA6BQINBBDGM7FCCPKKYFH3M2BYEKAN6V3RRFLWLM2SV3MQVN73FH5N2PBCOHDUIJYVKDTC4O7MINK5BHZ6CW3L5G4M743MIGZWF3L6LH7N5R4JZW6CJG5JEMGL4JH"},"13281821812":{"eid_token":"jdd01w4A4VYVB3RBZRCVLKFV23C4JBS36UOPTZYCQ3KPTHIE6YHRNMRUSACLN7X7UVBNUUH5KUMGWIJZSHXWKTKMH5NMLJU3VO5SMJNSR57XSDC3AIEIU2UDSVR3FLMZH5BBJ6RV"},"14758525778":{"eid_token":"jdd01w4AAGXDUCFNPFQQ4AU5BJVHR722PQTCLJYEV2RWLWWMUBEVZS3OWY4VHIM6QWNDGRZ5EIBUAICAWPN6XOLRSJLUSIAJVY2PVZRPLG54PFHHKNIJURL736UGU67E5PR7GUMM"},"18933261733":{"eid_token":"jdd01w4AE7GE2XCCLGL2W77PF2O5Q626NNVJXI477RFV7NQ4MXD535NVGXL7PW2BUWJDD6MMHJNBF6IKEOP6XWHP5EO6VYNBE2JFR63OSABEAIOKIIN5HRFZ34KTYIPWZ7NY45WO"},"13532023380":{"eid_token":"jdd01w4AC4DGD2MWEOHTN2RVL2CRL6ID3L4KYVYJUFAPXAXV3HDVWBE5W5JGQTMKEAB7S5IRT6MVEBQNTWYBTNQ76DAAEKP5S7KYLNSFPLGKK5NPO5X35ET575KH6YOA76TC7KPR"},"17767160800":{"eid_token":"jdd01w4ABA23D4U4CGXTW57FGSEINGLGGFDMUAXMCP3IRDDUFJOH7STO4THG4FUKMZRW7TPAIAUBFE4LQCO2DE7PX6IUSL3ZIJJOPTZFS5LT6VJSFAAD2P6AXNPFVWTTOOQ4DTGH"},"18959511699":{"eid_token":"jdd01w4ATVWWHT6YCTLPROOOSCMDU2CAHAXWVMK5M6GB5Q7W52OBALAXYH4YNZNSNBKAA5ATXHNUKCOJSIF4DMEKOPJQBUFSGBLUMJZP6SXKFXDMVL26M4L4DOEQILT5HUYLR7YU"},"15217151775":{"eid_token":"jdd01w4A7AJWQTN3BIE7NX7CSQIS7SV6YI5ID2CYRCP62OCTIW45EC5JKBYIJZVDHH26ARYFKA33XNAC6ZGTJFJL3YZUE4ND7LQSZRUKF6TJINPTMMDOCM6CVSSLC7X62KJ4B7MH"},"15962065898":{"eid_token":"jdd01w4ANBHWEREDNQKEKBXJFYS6KLTHYOXN2P3GHEGGSC4GBEIVBHSF7AWH7RK4CRQNLAXMLA2C6OYOA5H6T4J3VDERXYS2TUNC6TEGDXMJCYZNCZG4R5W2ZAT7225BGWIJKOXY"},"18778002400":{"eid_token":"jdd01w4AXSXSK4OP25OEZA67BKJRO33L5RPYOLMXZ3VWQ6A2XEOKFGQCAMALHMLC5NLRD7KR4YXBQBMGMGEHCSRBZJTNFZTYK65KCPTZZPEHMWH5UHHYX6XA634YPHVMAS6CPHTU"},"19847349816":{"eid_token":"jdd01w4AUDMM7IS7DXOD3IAAODW2WXWRKD5NAG3JQBNRHARYB2TPS7PMAXRPWQIN5HU7ZVA2ILD3A4NLQUEI6GFJM3MQLJVPMXNO5SCGTHWQRI6RWMHUFZE6KIUG5VCPTF7C5Z6Y"},"18477664262":{"eid_token":"jdd01w4AYJIZ2VOBTGXBPHBNJ6HHA3F4M5A7WMWYRFERE2TXXW5BUJ6ACP4RKSQAZHH5YZ6KVQV3UNIKJ3TV2HVT7LSZ2YZE3JZDBJ5USLPW74RPTS4EMEJLRAS4BBQ3PF7RRHO5"},"13680990046":{"eid_token":"jdd01w4AHUAOW2SRTRVNRKL5OWWYMRIAZQU63WA3XEJ7S22XMLTLOQTR7ZJHTZ4CN3IAYAMXCGCC7YHYHUVLAMEDHJG35FXVEVKA3YE3PMYCQGI5Y3R5EGKJ3DZNDLISXRSB5HKF"},"15709296644":{"eid_token":"jdd01w4AR5DCQ5XIYUQ6HMAR6Z7D7KNRK2D42JIVGN7YTCREBEIMB3DND2MO7UABZBEMIBJ6H2E2VTMDTJFP2DEYG3RNQ6O362UBI7RBYHYEDGVUFJG3NCVV5UE7ALDPSJSQNOPM"},"15047987908":{"eid_token":"jdd01w4AZYKLW2OETH5CBWQBV4BMDCVKYLRPHP6E7AMQPON7L5Q67YYIOPEOXIYFUVWWIFG6ONVDZHXAVHREOPFYBJKXQYEBQ4XLTKIR4MWG3T4MXNEEAZVFPLH7PEJJG63XF3JG"},"13672238300":{"eid_token":"jdd01w4AIBR7FDD5O74WKNVZHLI7OH72J3LXLNIRE4XKGJISTBMMU5OFZLSHL6RS4KMEUQIWVWRAPBYMNFVQPKT2CA2IVNG4ZKF5J76G52U45AD7KCDRWY7KYXTSWA3T6WDVFS5X"},"15159865586":{"eid_token":"jdd01w4ASCTKQL2XCBHANVKILHJTOQQ2UOH525QLEASSLR2TMYZK4SAT4MH3GMMJI4MVCUKZUEIG3W6UD7AXKY7YLSUVWIEI4YNAO6XSHCYRE26RIU3R7T75WDSXLRIJUD2DUP3Z"},"18866246932":{"eid_token":"jdd01w4AYBV4DGJHZLVUKAH27DU2NZKKLBJXGZJZEV5ZJRCWCJQ3LKRNPNJFDJDJ4E7B5A3YK2GFBY4HWIZLENATZATAGR4ZUWUWYO2LU3W5QRVXVQDSALGI6MPQOZWVJFNRSPO4"},"15728475895":{"eid_token":"jdd01w4ARZ6QTGFPEWLPX4LWOTRNIJYIF5FJYOOTL3OBAXCAJ3MPXWKLYPKTKMX6X3CTGXRUXD2UEGUL5S2ME5NWZZFVOZ6XHQLYKIOPL2MRUAGCEJ7SIFEVPIEHT5BBA7T75BZG"},"18965033073":{"eid_token":"jdd01w4AWGMUEF5DHRCQ3R7JRAVWV4S77AOR6L2FOXWELFTZRD67STSTHAIKXURLE7PLSWEAZ46V7LY67EJWWHBXJOPXO4SISWYL5EK3F25XV2XQCAYB5TNH33Y7QWAZSFDE6RLH"},"15207590490":{"eid_token":"jdd01w4ADNTBAQOSKUKKRKCGZOVZ4FCDBZLLYYNIRDKJF5P3UCG36VWWSHAKVILXJGTK5Z7VRGVXQXWVOIWIA53C4LGCW4JAIOZ56G6MCYPIDHBIAFTMSI5QZYEZ4ZXSAUMYRXNT"},"18009527899":{"eid_token":"jdd01w4AA4QHFSWAOVIQ4YFBGF3SZBRYZ5DUCKBGL3M4BUWWY7AXPG2QDLGTGPETGVXNHMP2SYNLTFWRCKJYIUMJHFK24NTLPG2WVBVMC7G7O6RZMEYKXMWA2YIZVUHFP5PGV7RY"},"18284184357":{"eid_token":"jdd01w4AEFSUQ3F6HDMRGOAVNRACETMLNKHW6KA2ZM67WMNYK2W2VZ6PSQLJVKKKOOJOVREUOKEH5G4AT3ECXOHS7JNZFENLTHN4CZN5BNA4G7UJXINKD6GXB3EIJ76G3XDOXMQW"},"17750856768":{"eid_token":"jdd01w4AFR5E5J6QRR4ZJBQC7RXU6USPE7JUZ53BGLI527HI4G5YVLJCBGE2LJBY4RO2ERSO4RVBENWQLTQ2U6ZQFKSDGTOEYTZI4I4ZC6VBRRGTUFP7ERQZWD2LCO7TDA33J5BN"},"16710395692":{"eid_token":"jdd01w4AAW4V3TKA2XST2X5CBS43ZTQSYJUN54HW3B5SOXHYZ7IOFMQMZ6DZ5RBE5SYOL3NVSLO6WO7BSUQEN2E32M4X4ZPKKETY46KALSGY42KK7T7HF5ZPMT3UTHTF75M2PEJ4"},"17306923181":{"eid_token":"jdd01w4AOODRXTM5UJ5PL6ME73IGLTPVAVTPSP2SYEJR2FN52ES42U62BAJNF7DXRKYYCI34RCWCVWKGHMBQ5VOUHR7VZ2NQPB36E2OBA5DFWKI367ZFP5HWUNIX4CBIK63AC45L"},"15522979000":{"eid_token":"jdd01w4AUV4MYYMH7UQGNCII2RWQQMJZTOFC6LR7X5YTR4NOY7GGNIXKL4BHL4MOHGL3CFEPJVKVRMFYRKHFW2HK7SZV3GUQH5T4BVUBCI7ETQ3JX4IEISCUOMVXZCM2Y7ZZYBEK"},"18057124947":{"eid_token":"jdd01w4AZPOZ243CBGJDP77ON3MMN4I7BJ2RP4SYYWPWFH2IEVR2ISZMLGXTC2BCNNVGQMHLRL3EL3OW7GO43BLQGYG6ZJOZYVQ33RY2ECO4EN6GQDCE6V2IJJZ5EA6HN7GYU3DM"},"15937951293":{"eid_token":"jdd01w4ABCED4YNQ6JABBIKEPHAP5NIRDUACBJ6PEMGXTSRDB37X2NQAEZ67KKUPZXD2TVZLPXP5RDJTCJ3JXVQTM3QAGNWDXNQIMYOE5367YYOZIXZOQVP6ICBX5X2D5NMLXIGU"},"18797909522":{"eid_token":"jdd01w4AFWSAEQGVL3FE4EMVWVT7KBSGJLZGHY66WP7FRG24GJFAS6725PCXQLL7CZOW4234XS5IHE3QBQ63JUEXBGIMS5HKYG4G7XPWA574YEAPJIBMRP532CHAEATDGSL3M64I"},"15147444929":{"eid_token":"jdd01w4AODBBG3HDYMUFYVCGP2F2RQ2RHMNUHJN3SQLHSN5XR3QP4CYTXPE26LEFMONDSYCXDWQYRTPCZ2IRYDO5YAACSQPCH2FY4BSGAUABTTL56IBXLO354WEBRYDGTYJB6V2O"},"18250294169":{"eid_token":"jdd01w4AHV7IWNP6U2ITCIBGPDYDDSIK2IJ5SVXAHVFGJCTQSNNGJ3W4KVS7OC6VTGJWX6QR6ANHAZYGHK7NWT2HGBO4K3TFMIO2EEPJYTMWLFAW4PG5GRLN2EVID2M5QVJZ5MVR"},"18501995797":{"eid_token":"jdd01w4AQ5XP6ODAD4BXDO7YJ554ADSEDUHKLPA2FYVEIRJCCVYYVHEI5EKFJPPHU6INVBB3EJBIXMQJZN3ZPFZIOHXWSMHJOURRKBTZVSI4YVQN5545UMNLLRV7QYUQTB3H5WZT"},"18737337291":{"eid_token":"jdd01w4ABPCDRQUJBL3BFBHZCGRHKMV4UXN75PEUCIN6DFFTJLKRZDM542XNQLFDVMXFW6SLK6UX3Z6LVCZDFME72N5H2JJEXLINI2EAUYY3ESLGL4QUG6KEAT55LVDO56PMFOYD"},"15359127656":{"eid_token":"jdd01w4AT6EUBLEHOEMF4MXCEUGZIZ26TA6V5HA6SQ7MZF5FAWDSFK66BPXTJ56XXKPVDGWRPQFABCM6QUTVS3X76SUL6D6KCL4GLZGZZPX74JHJR3ZDSYFMHJHB7RKNLOOUQBSV"},"18363319258":{"eid_token":"jdd01w4ARPF2RWMPNWZEZT43ZJKNT3GM643CCWC3GC47JW2WU2HAQRKAWIOS4FBQ5SKAXU6BPUR7QOPWT7NQR5CVH7D44UQTH62SFVGDXWZSPMS5QBPTYXF6ZCTRTOSWL6SULV5D"},"13066523288":{"eid_token":"jdd01w4AKGDHZAG62H2RU23NA2WK3JOSVEVPHHT7PPLAZQ2UUONBJNXMXSSNE5KICCBAUEU7KEGW3SM2TLMW724VEGDTCLVCRHUNEO5CVRL2S7HB7SULNLJ4WCKPUW56MH66DEKS"},"18628512291":{"eid_token":"jdd01w4AJW6DQGCPEF7W2ZT3CIJEBFY7WKFWUDL6ICAEXITDCOKNN42F34DOSOD4BTDCEJKXFCXS3NLCNM7J7X6XXXXJTRYJ2FSL6AIBQDVY5ZV2EA4IYQPBMY2JI27U3NZF5QW6"},"15052203253":{"eid_token":"jdd01w4ASR6DXNMTQ4NT4UZVSIHGVVTDSKY33QH6GVHQXDVYYJAH4ZJ2FABQGIFDQ7SAL76PHCBWJRMHIPR3ZSUT2KZ7FOJ6NUU4FXFL4WK2FI2RQ5NLTHL7G4A77QL4MYNN73IO"},"18278019490":{"eid_token":"jdd01w4AZDKJ4KCHPPQP2YLW7TTRDITTY3PFC7TXG6EL4ATEERBU2NIC5BZNOEALDFGAMKZRUTJG7RQ5N33WCAYOSR64LOQQBZNMM6US5ACWT7MXPG6FUMHKQ2FAAUKHW5K5HREN"},"18582642623":{"eid_token":"jdd01w4A4VOGLJE3YPT7SMJRGF4TKTLUCJJH4D7ZBQ4CCEMJIPGMHK4BUICCQ4PHFZVJC2C5VHJMYPDU2KSXHW4JTWBFENNFGSFPQYC6HVCLSP3MPTTPJ5DJUMUBNORJKGJQJMKU"},"18561742777":{"eid_token":"jdd01w4A2FUDVDW7WETNOWMRLFMUDJKWTQMED3YPXSMWEKVTNB5YPRHMDNQV6VYZPEAO2CB5JMXVCK3JAYJS6C4KUIJHUV5NOXOG3HFHZAO7SXWXENKLDA5F5XZ262LI2OR3LKTV"},"18749285592":{"eid_token":"jdd01w4ARIJNVJZH2A22B5KWQQIQVHOWIKKH2VHABNANUL3YQISPPZ6NA6XMOPQ46ALMAUH7JBNAYPANTBHOL5U6G3XVT4LUCTQD2AJ4WN2IGEDN7GONN7G4UGWY6WBIURZI4CI4"},"13859307895":{"eid_token":"jdd01w4AAGY2J4ODHECTQ7WGP2X6R6QJDQDW2RVQXR4WJBP7BCGIXGYOY2VFI4TWQWZ3KRSOAVYL4YK3O3TCQPSM47XFWN7I7WZHVJQ2ZNR6HNWDCC4GJ27KB3VO2JLWGTILZ72M"},"19819204953":{"eid_token":"jdd01w4ADJYBU3LXL2YWTHLYZUTQCZ7XATRLBWG5VILCJNQGVSAU7MPLLCPEN5HORTGZBB4I2X3TSZ4KIO5K2TVJQMAKMWBVZV4MZHRCK47KTTC7NSZWNAUAY2BZMRNCDTCHSSXZ"},"15527908827":{"eid_token":"jdd01w4AXQMZMTRW2XUC6PIV6QJUQ6SBJS4YRZ622X2KT255VPO2Z4VNWGQY4LBZK7ACAMFQZGAWH3Z75RJVQ3HYDCMRVBQFLUIPZ7ITPJNRBG7ACEFBHOHFOXHVAJSZYUXEBOTZ"},"13881901900":{"eid_token":"jdd01w4APNHXD2QBUGB4HKDFJX2PLM2AWIQZX7RZSYEI2NOFUUHWP2R4QDWUENZNFZ2OTWHUIFBAV5PV4VH5EI6FPCOI2MCB3QLXAI2GYGXJH4YY7EO6O2GQWNURHHQFJAVI35XJ"},"13956795126":{"eid_token":"jdd01w4A2HFGGDJWMJ6LBW4LBONGMXJKLRQDGDKXNTXXTTI3NSXE7UQBN53FTN3VKKCNAMJ6SIR4MLAD3J2XULBZ7ANPRGI77DMWOQTWBW76DFXFCR4YYXG6KWRCC3RAZWCDQJ72"},"17626529304":{"eid_token":"jdd01w4AINOBMM5DCGXPZLM2RZAX4CEPEIN55444UZGGOXKNJAN3N2KV5FMW77QELOHHFIWT6BSJI2JI5CFLHZ2G7QAZSUEGO2TMJ37WG3GRHV47SG2CJIUAJROXUNDE577O3IB6"},"15674897365":{"eid_token":"jdd01w4A33XWRIIOGVU6NO4CUJDOMTYQ4PMPKU44QEUVISW5LGL2HVOMMNRGPK233LMEXVW7ZTSD5JHN5XZCPM7SD53LNYRC3LRGMDWQXYY7N4ANQ6DVICQPOOUCY5ZMMOSVRUWY"},"15882564130":{"eid_token":"jdd01w4A45CRKC4MGVNE6MAXUQY2GYVNJHWEFO5NGJKNGVEKRGPH7UQQT2GSA4J7SEJW2K376D5V4EE3Y5NWZ6F6IMN5SNB7B2VWZM7DKVIFFRFXRLDWMWHWKQHPJIMNVXQBO36I"},"15623530138":{"eid_token":"jdd01w4AXXP2Y4YLLUJFTSQUZV5JGTWQHX7XX5YJ5Q5WQKNNUXEDS5EDQLLL3GQ2FF542IFZBEKXQEBG6TUWYFCK6KLRG7RAG5I4DQATSR7JYPIXQH67NEASJ5WPLBLUJHLVR3S5"},"13328395086":{"eid_token":"jdd01w4A3S6PUWOKIQS6PLQYVOR4YE4AI5AGHZBFUB7MTRL4ZWAJMRLITINAYD2J63RCWYJBKMQWYJXVTKMD37SI5X3FX65KTSNLAABG27VH3ECO36COWNXXXMS5M576UBCTTJ6X"},"18219383550":{"eid_token":"jdd01w4AFD5LKIM2CPARUHGXFTGRCAYBFSZ5LSIM5EFIJMLI47W4JBLL3URJ4PZIESYFZ3EEIZXJNVZVVYHHDSFKVMH3PBGULNMD6SGOOUGL7BORX4J7LMNBKYGIZW4ALQXKUQZG"},"13229430888":{"eid_token":"jdd01w4ASKNWKW75CUUW345GJ2T5KRLG5BMCVSLQNG2B37YD552YYRBCS6QRZBJSY72PIPOPJD4ZQEPZGS24VIOFFFRND7ILEUT5EYSABQ6UIM5FC266Y6EPW3WNUW2BHFOFEAVT"},"13271666904":{"eid_token":"jdd01w4AR2AAFS4XBGFOAH5543YTR5MF3YJSR7WSHJVC3OEHGI77MV5F2YZOIDM5W5OZMKFHBLQZHBVYA6RVFK6QZ6KOYKSJUES2QHPI4FIJ3KRKKNJH3HPGKLVUPDHTJDT4HSKW"},"13034612349":{"eid_token":"jdd01w4A6BEVTQ5VRBCP7RHT3DB3L2V34UMFWXJTNYHEN6PUT7QEKOY2SLU6ZYHNBIUASBX4TFMXEUBOSU72OIL65SJQJOHDGQW3GXU3O76YX2SRTDCITYB4DIURGVEZOBYRTPPR"},"18321631868":{"eid_token":"jdd01w4ANCOSDRQORHXO4ICWZKQ3AYOLYUHD5LFU4AXVJPNHVIOBNSA5ANKBSTSH72DHWOXAM4ETC24WY7JJR56D5LUFQNTQUDIC4IOSN3QOH4UFKVZZ3FLNS2JG444EEY5IXOTR"},"13456387553":{"eid_token":"jdd01w4AHXVK5C4ZAINTSEEIEHUIUXS5E5ZRN5B46QQBBB3V2MOK5RMNHRNO5FMFNKSTTZIK3BBH2K3RRMG2EECGDEVQKEE4E7JTMJS5N2HBXXV6X75Z3DJKW43DMWUNEW4R47IY"},"15004180004":{"eid_token":"jdd01w4ACR6SE4JQBIRPXZC7IWCD43Y4TAUCQJ7XQ7QILSJLZNPQCB2CMJEXFH5BJ2ULALUOMNZJRLWFXGZXTTTPC6Q5TWPH5NKOLXR4DRA7QHJRFVWCMQW2JNJ3BYAS5AQ7V72W"},"18662707389":{"eid_token":"jdd01w4AKEY2RFEOMO6UFPQHGANM3MMMC53ODQV7AWFNCWADBBFOHQ2V3UNUXG5S7EMJBRAD3HOWV2AA3NGUIDOIAEJA5GKL4FO5E7N3PHQQLE5LECS7XA5WOA2MUOHXL42G6XWP"},"15590922232":{"eid_token":"jdd01w4AZUIM2MIM7PC2SN5TSR3CZURWIDGIEP5DICF2HKZVY33IWILCNRGLJ7HWIJXD2JT56PB5V4PMGZDRPX6JHG3BFBPAASKM4WI442MFSXKPTKKRECSLWRWF46S6HTRSHWPR"},"16643087388":{"eid_token":"jdd01w4AWL7ZJAR2DWDSGDIFPEHG3HXX7UG4J3UIEPTUBCI7ESI55JWQ6LD6WM77G5ET67TYTC7CKSFMV5ZBN4QRVW4YJMWL2C7YRGSSZU2ISS27H5JRPD4OORKNKQWAXLXPAFA5"},"18069778309":{"eid_token":"jdd01w4AUR2HUVWSX6AMLTONN4UWVSVYOFI5IIDTYJPHO7HSMQIHHJ5276YXSNQZ3ENYPDHSH3XTJB5Y7OBGM2ZENGQ73ARQEBKTXGSGKIYIFDJLSIJW2MUKLZFAQ32KVSSEDKBT"},"17771640625":{"eid_token":"jdd01w4AII3ZOGD6K6HHCPABPNEU3HSFSACOQXQYQLKA7YYKFAGMZO3HSWOFKWEVMS7W5EPKGU4SSVRFZIBFS4S6ZMHEYC5XBDJA5STMX4KZPBNWAWECXKYPEK2NONYPSTOSD7JY"},"15216651175":{"eid_token":"jdd01w4AWFRZOOF63KF24KDKCFDOFX5VXPSETMT466G2MB3FDGIHZERE6OOCOT4JH3WIZZO5CZFBLQRANJPVYUFNCYJZ7RHBVSDVZS7TSCLJLFJR5JQ5IXQBYIKTRKRTVWQTMNWU"},"15590679992":{"eid_token":"jdd01w4ARPRXIRCFBUUJFJHZDE3YO2F3QG3J3BLGEXNJZS2YJT23OQDU4RCMVQCA2NBIZ6IC7VSA2NY53WLTPJVTZJ6ICB6IMKCAMO6BAHILXLUN5ODHMSYOZP5P4C4F25FW6AMW"},"16675114165":{"eid_token":"jdd01w4AVOP3HRTP4D7BKYSZKQ73ZVPAIF7VFKJSXAVWAERI4WYCOS2AVRT3KZYLVBX342HWRZWQKKSUVD2TNJZHSKUTXYVA6ASWT6C4QGHNIZE6VDUW72VP4YMTG4Q42OFH75RM"},"18126930383":{"eid_token":"jdd01w4AWVD4AY7BQGZOVKDKVRSDLV7YHHTTJNJHJY42QUGAYUM6C3Q7IVGUUWDOXG6HMNOKMBZJV54LQKEBXLCMZKYBWH5JJN2RGON3BHL2VUMCUJP3ZW3ZZB5Q5EYK5MQG6DRV"},"18672879646":{"eid_token":"jdd01w4A6TBQ2WZ3M27CASK3QAR6RHPMRMEJF3RUF4GM2OSWYLE3O6V5F2SYPFSLBZA6GNPGVGKLPQCXD2KILVKVFF6NDQA34PCA5GC636TPQAH33IBTBH52S5OIW3W2VKCMUSBU"},"18701180993":{"eid_token":"jdd01w4AX3BO7QANOWG7RAZMH6LPPR3ZTR46BLE3RHSGRWN4ICCJ5DAZ2U5HFYNQHDB5JMVPHZG6SQSRHYRNCBZUNZB25W367W2UFUG7F64EOE542T6ACN3BFRYFFTK3PLN7ZVD5"},"18610280993":{"eid_token":"jdd01w4ANCG2G6NGMTUHH5QGYMVJ6GETMPRXV2C24OQBPAGQROUFLXU752VRL5FG3H66HS7ZBUS3HMEA4XYTA2NM2CT235FW27VHEA7XXLFUTEKREGBBKXLQGHH5JSHM5D6FIVSF"},"13825445695":{"eid_token":"jdd01w4AZX2ZMFIMREVVT7WDB4G7QBCJNDNBYNFBJQ4DGRUGQO45V4OOGSDJZHODRWWD6TAIEQHSN2QTZ6WDZKQLRTHEJBOCZMPMHUZJUA62B4GPYUJVAFEM2OL3ZQ3ALXI4YELX"},"19150645759":{"eid_token":"jdd01w4AGWA356R7P3JDGLXX5CHWRWWZ5OREAG6VQPLTIQFVPLUKH3VILX35IN2CN3AZHMN5S45AYPHTQCBGHHP4MVEI7GBLCDPG54IJPCLPYCSGLUZQWHGYXTI3SH4SINFN7L2T"},"18271411851":{"eid_token":"jdd01w4AKYQSLD752EHNNB23CXKOTEGJXUDOSC4Y6C37SGKAD2LV2OSK4CUHFSRSYD5IM4ICA2MFSWUVU55KZ4NJQN2Y2WGYAWRNYPPMGNMUGHCQ4KYNVB5YSVQM5SJ2F7KC3V6Y"},"13790894820":{"eid_token":"jdd01w4AOSRJGU7RVR3FRCK5PPD4JPZ72O3ZDTOIAFW6S74SHOKK5JBBB56B373VIJXL5XL6HKIVGFPVABXH6BQT7MY5VFMPPQB5APNJ5X444EBXLJSAXZWLUJRMILALIRMSTTZR"},"13007316289":{"eid_token":"jdd01w4AIPU27Z7ED2OUWTVE23JKLQ7LHQCB7XOF67IOLEUH2BNXBZTYGUA5FEWR3IAKJCG4TQQPT2ZQZAMOGKSF4GFYMUKGYNB6XIDIBWDLHSWTD7NOG6CXG3ZD5DUUFGFO53MX"},"15396196481":{"eid_token":"jdd01w4AC3Y6N7LQE37NTTE6L3RPH32JGKNVGOZ3RYEMXTCQNEW2PBYOOPHTEL6XC7QACXNAE4WOSX6QQMCVCMSVW46WJHNW7YI5YAMSQ4BC7UOXOAJWSPHZYDWTLXL76A3MDCE2"},"18186447330":{"eid_token":"jdd01w4A4CQRDXC6NTNF4YNWYP3ZCXUCEVYE2Y56BP73HMKVYJQXNG6E2NUDKZ5YUWESGNPPSGAG4CRYPSIWMG5CAZ4BMKNLMEMEMJBCUOPTIUIIIF6REE3TDH6DSLYCHW32TDAV"},"13422196271":{"eid_token":"jdd01w4AUGKEAKIHPIE3QIUQS6L62TPUN3NYALTWLGAKNBJTK246C5FNBLIF37O7AMSDSQX7QMOS67BJSWIWLPZENFRMWCLVCB2SY6UZEW6774UBLDEZL52U64G4BULNHCSD4R52"},"15962983923":{"eid_token":"jdd01w4ABDEETXPMQRJNO2OIE5OBIIGEPRCLAQU33SJJBYTJCEFVPJ4SJKLB57X5RPSGKUQ6JR3CU4NOK5FWPVSKPUZIT5WIOD3QUMF3DBOQ3WNGOSPE4BJEON56LITSCXFLGJ3W"},"15876537421":{"eid_token":"jdd01w4AS6WSTJZROK2QYRXBRKKB44LSAKCOUR4PGUXNGB2XJY4IUMJCDL2J2X5NBBHNY7JCIMANR3PWQ5DJUZMQDZYSD2EI75KPLTY6ZZIB3YXKMURN44AXPX7DYNVQHIJUJNCY"},"18227629626":{"eid_token":"jdd01w4A3PMHRKWBSI4L575VP2S6YZ2CVLIREJRTP3LBUE7CMKY4SY62G567ENPJS4MAKTIWJ6BFZBWAC624C65BNJS2Z4QD7FYXYMPCXUYYMESVYBWZGVYJTHXVDFMBZLRLUA3K"},"15626474485":{"eid_token":"jdd01w4AGMJDX5QOJB7V2YPIL6CLG2VIZ45A4LL2IHNPWWXCK65FCIRS6S4DWTJEYLIINIREEKNOAJXWX4H6S57SOQFE4NATBB3MFWC5DWC4HURU5P726GLJH3ZFXI6PXXFRKEIY"},"15952599108":{"eid_token":"jdd01w4AN3WJ5HMDXX34YR42ZX5PVD4T6Q75SSJ74IM2XKHHKCJT5RWRFUVULW27WGQHYTCMCRMXKAIBW3OHY42ZPE5DVJHIHRKZTN2ZRNNB5CSD66BMTTEO2CFE7BEKWV36LRNI"},"18968259964":{"eid_token":"jdd01w4A5TQSK7HLKFLMSD4MWYA6LFAQZWYNSPS27RVRBJ3CKP4FIHU377VVKGQPL5NMS7ZMYEB2F67475WR64IGKZ4SAZ7BBXN7VMXCIDRGDHLM6H56CVPERMUCOGFVHZZ3KGGZ"},"13067400899":{"eid_token":"jdd01w4A3PFHHC3L4GDCXSKIIEDU45OLQNMMAOVZHI2NGCUAGDWB62JX42VVKUOXSRYBNRAOVSJNIY7X4SXTENZZBCIIECBPRS3KYUH5GN7G7WK4YCAJUHUGJQEQTAHK3F3CLER7"},"13511720052":{"eid_token":"jdd01w4A5DPCXQANGKIB4HSWHAV3URDMJKNC6XW3KW7ROCZWCPDBOVVCT6ZJSAK3JLCPKXRZGTQFGMQQILHGMJLLLVOXQBXCBJYDPNRWQDSTP2RTBXWIIXQJQQQYJ5OPTD2N3BVF"},"13283341607":{"eid_token":"jdd01w4AOFWJMURIEEWAGZIS57WDRZV37ZJ3E6WJB3CL2HTTWPGXMP2LW7H5O65RWLPSJYV6KRKZVCZGLZ27URSTIFAYQP7GUJRGAM4Z7PLGBVYTICUGHNPVM3HXECTPMXWCP7M6"},"18565574735":{"eid_token":"jdd01w4ASM7JZEDLYLI3OSOTUUF6YBJDEGYSNHC4BDAZYTE7YQXLKHNY4IFDX3DGVH74ZLWZ4PCIMNMYQIDGKXE2H2RWMT6QELTFBVDMC6T764SVRN6GPR5JTZRVDLF3MDV75IQ4"},"18696695676":{"eid_token":"jdd01w4AIUZ2TLVWZF3AR2SVROKGUYSWA4Y4MTVNESVNNWZ3BZSKJGTMJTK4LQ7GRJ6BHAXOA4GZ67E2UGDOBPZJLLJXGHYJDA7GUGBRTVNN2CEFJZWGQIX6VKV3BRHZTTTODQOM"},"15255205032":{"eid_token":"jdd01w4A756MXQV5LFMP64LKDMZPTRMTA3KCWC4UM6L3XMHIXSLGK2PBWTFL2FETCYYZEEWIEEMKJAGYU6NOD4W5M4D6MQGBJUTZIH3H3AAW4WNLV4M3FKPB23A5H4YTQUDPYNDI"},"13242341867":{"eid_token":"jdd01w4AMHQMVQFFGVNINEBGBBYH5KSF77HLSZNHWKUTR33REDTZEGQEU4VS6BMNXISC5JWNDAD55HAY6DWNAIQFA53QDHT3YO2U5VBIDOQZQKWGKVYM5H2ECBHL7GEUVPYESOBH"},"18735429680":{"eid_token":"jdd01w4AKXI6X4PIFAV2JQXMDXU2H2YUEWTZWGABTYRQFN66QZ5UXKGN5UOANZVLTMLQA5QZLUUMUT34SJ2JEGHDX6UQJW7PRMU3E5AUF6X4JNLTG65T3BFWBCK2OVOWNHNCNMVE"},"15669596559":{"eid_token":"jdd01w4AZY2K7QVCL7AEW7G56YDDJ7TZYNLFG2Z5FWDX72PS4DOCJTWBPT4CABQ4LKSLS7NY5FUMV7EJYKIKXSNJCRYCHQRMB4MM7NKLRVBAWGIRX6RUMNPAZMOOQAJKPHD2ATS7"},"18853894382":{"eid_token":"jdd01w4ABC42MSN4FEDHLHKFGJQ4MJCPTHRR5FUUEGAVJUDVBWEE3MNBH33MLTEOIOVCO7M2MQ5BNCYDXJ6ZXULL2Z276JNFBWLLJXPKMC63S2T2HGFNBKIM22E2TKLNONBL35JV"},"15073020081":{"eid_token":"jdd01w4ASVEZJEX52VCGVWVYS37RJT4K2VU3VHN4FI4JWUKSWAY7UU62N55XBIXKSZLDJ7I3IH5PEVSYWKMPBKTABVCG6YUJDOOJD6F2AGSNOWGD3EHBS67QXDSWZGNFUL62KWOK"},"18664040124":{"eid_token":"jdd01w4AL46O7W4UNT4E6JD6RZULIVRJRGTLSSKQO4MMBCAU6XR4ZWVWHQT73745BQY7TZSPZN6AGPX54BRIXCGVI4F6YRRWBDFKXN3FWJAPW5WLEX43TJOO3B7BLD7D5QZVDCLZ"},"15632192825":{"eid_token":"jdd01w4AT6NUOYWA5W4IOXIMQQEUAPXFXB37VQIM3GOJH5LZI2RDJUOM6C2GFUTVF3OMFUQ3MLYXM2W75TVIRKZ2SI3AFJDRPQ3YIRBVQNAT3763KDUHBKEWDCWWTFDLELRSIJX5"},"13231408543":{"eid_token":"jdd01w4A5GM75CTXOPOTV47ZPSUKVBUABRBGB2GJWUFCNVTEMT7UJRU2PFM4VTVFH75GN4H2FQV6CVTU6BX53VW6PEGURHWM7M3ZB44MQGV2TFCM5UQXTLGKZMDM6KOA3PNAGPPN"},"17850072734":{"eid_token":"jdd01w4AJNIXKLZZFNT7JWOGUQQZO3TQVWB66QTBQT4BAWQZUO5NVV3ODWO5UN73GDI7RJH52PXYYGCBXPKDEK3BGWJN3U4NWTI5LOLLB2BIT5BHMDZ2OXRIYVUMNSC365THTQNG"},"17666078849":{"eid_token":"jdd01w4AVI65KH24SMBOKGJMPMPFR7WTNWYYVBEOECVLWXWQ26OUOBIFEELNAQ2IGRC6YAMKZSYA3LKV3K2HDIG2BO345SNWAUBOPK3EVANUFCBCARWTEKRG5QQENJ4WUK5HBQAU"},"13636918586":{"eid_token":"jdd01w4A3DSZOETQ2PWT37IB7TQ7YH35YHDEL2M4QYN5TYUYN232JANDIR6XCU3VU77QPOHABS6WWJF5I42VOBQ2MR7JUFUWNG7BIPLAHDUWLSBZZBYH6FKJVMVF7DHLKIWH7EIF"},"13066962291":{"eid_token":"jdd01w4A4SZNY2ZQ4OSRY4WS33SCKFXTAR3LLXFJVISD3CS37I2DHNWMZ6NGWYMLYKI3EHHBXDYT335MPMXVEPUSPT7BCA5OYSCB2MYCYMXSQRFIYXDF72GTAFUX5PUDO2G3YFF3"},"18912025096":{"eid_token":"jdd01w4A6C6L2XGM26Y3LNA5NTTLQDGSAGZA2EYTFTAY2PEWOFIVC5F6Y3T7732OYFUXNG3A6JFNNXY2FLILZOLC24DHVIPEPKZYDLMXOGTUJL5RGFQOJPP2NMFX3YLPYFZKM35O"},"13839305686":{"eid_token":"jdd01w4ARKD5HR5D6BYMNK2HWH4DXMILRLTEWWT2GQ6DPP5ZKFR6XMDXYTQ7R5RPYLTJFREOFTAE3UQEBLFZQEJXJWTSK5RGSKNWQBNAH7MIOM7HDR62YNRWNHALZDBWSOLEIXBT"},"15610035730":{"eid_token":"jdd01w4A7QW2RPXONICVNOMM6RPCY52TWJQMHG7L5VB6YAMTZH43CFSZY5ZT5DCFBD64VHPFH2V7X73ELAZLSXBQ2OHCTM7BF6KEVOAK2TNWSQJKK6JAX4KVD5XKHZZ7WZ54EK77"},"18869990038":{"eid_token":"jdd01w4AI37RCAYJICUIG4TJLR6BFKJZBD4YNVIGBKRISPXNPUTFI3O2BLA7DYT5RKWJITCGPAVKUH323PGCANTREUMEAW7M5GPZLE6PM57KX7BSO2YZHX2D6Q5IF5VWM6V5GRHM"},"15395675096":{"eid_token":"jdd01w4ATN2Z33VE5ZZXT7CS4TYCF75N4FDAS7H477G7BX2ALDINFNOHXXIZQRRY3FGKBOJ36OG2SWLZ4FBYPQJE7GXNYQUSUSN3WMQTWCVA3BTGP2WZ72J5XHAEV3RNSVAGRLIR"},"15557879997":{"eid_token":"jdd01w4AIA5O4HGR3JX4ANTW3H4NCUEV22TVKABDUZL2FRIRHLKXCWMA6QRQFR3WZKURZ2BVXLNG6RS5U2U5IOTINHQZUEN3GLU2JKACEKU4HU5IMTTMWBGEPNG4JWWCMH7XMEMB"},"15543943337":{"eid_token":"jdd01w4A3VIKF2BBWFLGAIRHGOOXTOPXNPQSAPHMKCRDCF27VLIIMWGD2LKOSMYH37ARMYA7TWVSS6JEUECN5CMFKE7FNLZDGNALGD3GIJCNG656C4QE6PYEAXXCOJ2X7BUUSVVW"},"18943689422":{"eid_token":"jdd01w4ASWVBLVO4DXQRGPL7SBJ5QWT4IVRBUGGIP5H776FTEFUYH6PCGUUOVGUCEOJWY6P3FVOEWP3RVSF35T3PZUJBPIBKVTAYVKEEF3RYT6V4PLYDKGUYAKC46WJCOE2STKAD"},"18355691650":{"eid_token":"jdd01w4AU2FTFAAK6SBRYCINEVBE4WPRF2ULWTV47KVHBITMJJ44JQEOFMDMMDYN5H55XC4AU4MDEK3W6N7OWUMD3PUFYKHL2XDMIRL5F6SOHS5N2H6KRIWHWRDYART7B3WIY4OA"},"18228161422":{"eid_token":"jdd01w4ABIMEZRCABVGOX4OO7FFQCNJYNIFCQBL356HBOO6OAA4HHPUUOVJUNTP5KQJYSQ6TOCNITYSFMZBUMLXXU3XBAKIZPOSG2VU744PRQ7W644D5S7U2ENUFISZNM2HX6JAN"},"15773631938":{"eid_token":"jdd01w4AEQJAK3HMZHAGFNOTE423TIXEZHZRLKQAFEULRCELGZQJEZM444QQDRCDRXUHYUOWTDJYHKFDEIZGUOBP7SABHXSLNIK2YJ4MVQ4SU6RCE6MSIXQ7JT4LOXQ33LHY6AAU"},"15151980223":{"eid_token":"jdd01w4ARB5NOICRWH2RSE2ZN2XJTE72GZZ34A2ELKMRJRXE4CXJMK22OM7S2MPWGLUIBHAB4DBFLMNQZX2YBNRTS55VSOVDZWPGJTJKTHXXLIF6XVIOLSB2XBYNOI3VYVJD5ATC"}}