{"display":"MIRAI.174435.001","product":"mirai","device":"mirai","board":"mirai","model":"mirai","finger_print":"mamoe/mirai/mirai:10/MIRAI.200122.001/8003953:user/release-keys","boot_id":"88166044-9929-136b-c5f9-198a2b5ecd27","proc_version":"Linux version 3.0.31-eWU9TOCQ (android-build@xxx.xxx.xxx.xxx.com)","protocol":2,"imei":"455992863098941","brand":"mamoe","bootloader":"unknown","base_band":"","version":{"incremental":"5891938","release":"10","codename":"REL","sdk":29},"sim_info":"T-Mobile","os_type":"android","mac_address":"00:50:56:C0:00:08","ip_address":[10,0,1,3],"wifi_bssid":"00:50:56:C0:00:08","wifi_ssid":"\u003cunknown ssid\u003e","imsi_md5":"8800d17a84e8e273ae0e8f57767018c3","android_id":"4efeabff47000965","apn":"wifi","vendor_name":"MIUI","vendor_os_name":"mirai"}